name,email,gender,phone_number
Fallon,fblenkharn0@usatoday.com,Female,4226647767
Brok,bhargreves1@bbc.co.uk,Male,6958955087
Mickie,mpentelo2@intel.com,Female,7666130677
Oran,obau3@dmoz.org,Male,1015018103
Renaud,rgreser4@wordpress.com,Male,7496769654
Tallia,tyegoshin5@vk.com,Female,1075637976
Elianore,ewilkowski6@fema.gov,Genderfluid,2467094663
Grenville,gsabey7@dyndns.org,Male,6351852951
Shelley,sbrockhouse8@blogger.com,Male,2198351024
Grange,glewin9@redcross.org,Male,1892532472
Mackenzie,mnewborna@netvibes.com,Male,2926075440
Sephira,senochssonb@merriam-webster.com,Female,7082701926
Reta,rsilversc@goo.gl,Genderfluid,8505244001
Sherwin,sgergd@army.mil,Male,7573997035
Nils,nneevese@wunderground.com,Male,8423388776
Ian,icluattf@patch.com,Male,8169605709
Merrill,mcucksong@ftc.gov,Female,6297314767
Flss,floutheaneh@examiner.com,Bigender,8795449931
Rubin,rpearti@bbc.co.uk,Male,3796311254
Jocelyne,jmaddenj@quantcast.com,Female,9624818933
Persis,pgradyk@comsenz.com,Female,9564880978
Murvyn,mapplefordl@nationalgeographic.com,Male,8998648845
Gabriele,ggreendalem@redcross.org,Male,5121475212
Stevana,stwinen@state.tx.us,Female,9862932330
Jaclyn,jpeareo@php.net,Female,1034791066
Nichole,nsnowmanp@cloudflare.com,Female,9661405603
Stacy,sgavaganq@digg.com,Male,8089248650
Nevins,nnagler@usnews.com,Male,9832234328
Tiphanie,tgryglewskis@harvard.edu,Female,7629354974
Anabelle,adavenhallt@statcounter.com,Female,5501919038
Dorrie,dtogheru@cpanel.net,Female,3275586457
Nobe,naldgatev@army.mil,Male,5917627856
Ann-marie,asallaw@nymag.com,Female,3935334698
Andrej,aregelousx@oaic.gov.au,Male,7097740012
Madel,mhindenburgy@boston.com,Female,1361795667
Lilla,leminsonz@bing.com,Female,7635102764
Trip,tingolotti10@pcworld.com,Male,7544796863
Jarrid,jelie11@domainmarket.com,Genderfluid,9705809434
Adolf,aperone12@rakuten.co.jp,Male,6627519225
Mirelle,mferschke13@posterous.com,Female,6982985602
Georges,growson14@alexa.com,Male,6773954113
Pedro,pstockbridge15@digg.com,Male,5716942952
Marietta,mphilcox16@timesonline.co.uk,Male,2788900769
Hewet,hlurriman17@youtu.be,Male,6072108818
Madalena,mdalwis18@last.fm,Female,2276213552
Morey,mware19@google.com.hk,Genderfluid,9025715370
Torrin,teliet1a@bing.com,Male,6334917108
Stormie,sbestwick1b@toplist.cz,Female,7102136750
Cassondra,chiddersley1c@dot.gov,Female,9704386447
Blancha,bmasterson1d@upenn.edu,Female,6956299493
Hailey,hborman1e@tinypic.com,Male,4815478547
Alberta,agaitung1f@nyu.edu,Female,7837655112
Tobey,tmengue1g@unblog.fr,Female,1635787086
Nappie,nchalke1h@prnewswire.com,Male,6669344135
Aguistin,anoel1i@tripadvisor.com,Male,3732782343
Andras,acathcart1j@360.cn,Male,3603172042
Kerk,kbrotheridge1k@admin.ch,Male,5873063754
Anthe,agiannoni1l@cyberchimps.com,Female,9383439451
Saraann,scowitz1m@jalbum.net,Female,8929347218
Joelly,jgyer1n@macromedia.com,Genderfluid,3565235381
Ken,kguerreiro1o@chron.com,Male,4684864977
Zack,zjonuzi1p@ibm.com,Male,2445946926
Binni,britchard1q@ask.com,Female,8886972758
Vernon,vcarrel1r@google.es,Agender,8655860539
Baryram,bforker1s@amazon.co.jp,Genderfluid,1413479352
Clerkclaude,cdornan1t@smugmug.com,Male,9932659347
Ludvig,ldye1u@deviantart.com,Male,1294974420
Fielding,fzannotelli1v@ed.gov,Male,1612740051
Rustin,rcosh1w@squarespace.com,Male,3703692902
Emmett,edugget1x@buzzfeed.com,Male,5276967310
Briney,bshurlock1y@economist.com,Female,2092514581
Charo,cbaxendale1z@sbwire.com,Female,2554544254
Robby,rmeadley20@yandex.ru,Male,6291948457
Lonni,lbezarra21@mozilla.org,Female,9827772028
Karlene,kleckie22@chron.com,Female,6988773545
Cassie,cshowering23@hp.com,Male,2661143738
Klarrisa,kibel24@github.com,Genderfluid,2275151310
Stace,sgirault25@state.gov,Female,7925679957
Riordan,rgueste26@friendfeed.com,Male,2693725036
Stanislaw,sornils27@hc360.com,Male,7522958994
Linell,lhorsey28@who.int,Female,9054688909
Melly,msoldan29@apache.org,Female,8462172631
Casar,cmccaghan2a@time.com,Male,1481991345
Jamaal,jguyonneau2b@archive.org,Male,6128338981
Amargo,acalwell2c@jimdo.com,Female,9396332287
Hatti,hsaveall2d@buzzfeed.com,Female,6956285029
Alfred,ajuschka2e@cnbc.com,Male,9554353413
Darsey,dbengochea2f@liveinternet.ru,Female,2004881502
Ferdy,fheape2g@psu.edu,Male,3369122012
Mariann,mwethey2h@berkeley.edu,Female,3455591089
Asa,adunphie2i@indiegogo.com,Male,3849663441
Harold,hkeel2j@cdbaby.com,Male,1586870652
Huberto,hquincey2k@nymag.com,Male,8479140195
Cherish,cchaldecott2l@github.io,Female,2469828533
Berkie,byurasov2m@typepad.com,Male,8517286235
Kesley,kshotboulte2n@blogtalkradio.com,Female,7722095644
Anette,ahabert2o@google.com,Female,7401854791
Shannon,sboyton2p@economist.com,Female,6154776915
Tamar,tcrowcher2q@jimdo.com,Female,2273898427
Arvy,ahibling2r@domainmarket.com,Male,5305934893
Cristin,cwatford2s@chronoengine.com,Female,7699450397
Shirl,sbrickner2t@yolasite.com,Female,6543944048
Hanni,haucock2u@macromedia.com,Female,6395105128
Cherianne,coatley2v@unesco.org,Polygender,7049048433
Miguela,msprakes2w@cafepress.com,Female,5246384507
Ursa,ubrame2x@netvibes.com,Female,8992862398
Ted,thousden2y@sciencedirect.com,Female,1638168800
Sumner,smarvelley2z@cnbc.com,Male,4265916288
Andrej,allewellyn30@4shared.com,Male,9763012369
Audre,aborless31@skyrock.com,Female,6978248598
Kori,kwarcop32@slate.com,Agender,7408286414
Elianora,enorthgraves33@bing.com,Female,4484452323
Cesya,cclunie34@macromedia.com,Female,2135529426
Findlay,fwyss35@blinklist.com,Male,4976902430
Roderick,rhardistry36@opera.com,Male,5061056322
Ariel,alarman37@oracle.com,Male,2155481714
Maura,mschustl38@ifeng.com,Female,6538619979
Kit,kgrayshan39@nps.gov,Female,2458000041
Issy,istuchbery3a@baidu.com,Female,2702889052
Yorker,yveall3b@vimeo.com,Male,4825373233
Dorris,dyousef3c@blog.com,Female,9534312651
Salomone,stisor3d@tinyurl.com,Male,2939430154
Marvin,mstockle3e@nyu.edu,Bigender,7527637579
Mora,meathorne3f@tripod.com,Female,3179998720
Sarine,sconkey3g@cbc.ca,Female,6506903422
Curran,cyuryev3h@list-manage.com,Male,1821549195
Chan,cgoodge3i@adobe.com,Male,7357789140
Alric,afosdyke3j@t.co,Male,8566245097
Pryce,pgosland3k@purevolume.com,Male,2104173025
Tye,tevelyn3l@nymag.com,Male,4605900853
Trudey,tandrusov3m@skype.com,Female,3754188497
Carlo,cilyukhov3n@jiathis.com,Male,8243438383
Thomas,tmccray3o@google.de,Male,9961545438
Donetta,dkaley3p@godaddy.com,Female,6849767353
Ophelia,oanders3q@sciencedaily.com,Female,1991434056
Brandea,bpriel3r@flickr.com,Female,6087280675
Glenda,gpaulley3s@altervista.org,Female,3781382577
Hurleigh,htytterton3t@dedecms.com,Male,4081377891
Lloyd,ljerromes3u@chron.com,Male,5635737969
Aloysius,aguidotti3v@clickbank.net,Agender,7996375963
Erroll,epaddefield3w@ebay.com,Male,2887615349
Dael,dmaplesden3x@cnet.com,Male,2158753027
Gwen,greuther3y@nature.com,Female,2658587987
Tracey,tfleis3z@vinaora.com,Female,9708507235
Tremain,tskellern40@twitpic.com,Male,2675010611
Quincey,qspurling41@slashdot.org,Male,3306679437
Erinna,ebithell42@51.la,Female,6876082272
Burnaby,bchestney43@ftc.gov,Male,7171876091
Theodora,tlaurenz44@w3.org,Female,8875862324
Arne,avader45@livejournal.com,Male,8239916975
Garwood,gmoverley46@bravesites.com,Male,2629812873
Valentin,vsteven47@marketwatch.com,Male,1977593399
Ladonna,ladshead48@com.com,Female,4484848626
Gaston,gledeker49@fema.gov,Male,8615723605
Ingemar,itotterdell4a@hc360.com,Male,9405798582
Faythe,fdary4b@artisteer.com,Female,4673164830
Otho,olansley4c@opera.com,Male,6337392796
Wynne,wwoodnutt4d@geocities.com,Female,9298666150
Shannon,slistone4e@wired.com,Female,5961421200
Fredericka,frewbottom4f@sfgate.com,Female,8129961899
Roman,rdorot4g@latimes.com,Polygender,3112060925
Rosetta,ralvarez4h@ask.com,Female,6709437086
Eran,ecrose4i@mapquest.com,Female,9288328541
Jocko,jhulbert4j@ustream.tv,Male,7858606210
Shaughn,ssyseland4k@bbb.org,Male,4671149290
Rachel,rrelf4l@mozilla.org,Female,3925109395
Salomi,smaxfield4m@php.net,Genderfluid,1847019131
Neils,nitzkovitch4n@creativecommons.org,Male,3155967560
Kirbee,kholdworth4o@google.pl,Female,3741820644
Nathanil,nsasser4p@flickr.com,Male,8573612879
Mathilda,mdimitru4q@nps.gov,Polygender,7176765516
Arliene,avian4r@china.com.cn,Female,5063508829
Valaria,vkingham4s@europa.eu,Female,9619800034
Izak,iwashbrook4t@artisteer.com,Male,3446700042
Kipper,kduley4u@hao123.com,Male,6759369113
Carmela,chasson4v@mashable.com,Female,6168437343
Mignonne,msiddeley4w@flavors.me,Female,1938714993
Eal,ejozsa4x@mozilla.com,Genderqueer,7166870678
Heall,hqueen4y@theguardian.com,Male,1318488250
Olympie,ocrichmer4z@exblog.jp,Female,3607783279
Blanch,bbrannon50@cyberchimps.com,Female,6825404140
Lisha,ldimic51@mail.ru,Bigender,1001904409
Decca,dmacsharry52@edublogs.org,Male,4424773417
Vasili,vwedmore53@newyorker.com,Male,8345216673
Ariel,arolingson54@skyrock.com,Male,8989188174
Boone,bpretorius55@delicious.com,Male,9199965184
Claiborn,cbriand56@alexa.com,Male,8125176771
Adelle,alock57@cdbaby.com,Female,6834035878
Frederigo,fkausche58@army.mil,Male,8249088994
Ari,acollocott59@aol.com,Male,2808226173
Jodi,jsaffe5a@furl.net,Female,9738847224
Saul,striebner5b@google.cn,Male,6332938352
Sheilakathryn,sgrandham5c@epa.gov,Female,1384460246
Dreddy,dmahaddy5d@opensource.org,Female,2838248576
Lezley,lhuntingford5e@columbia.edu,Male,6496501428
Aile,amerry5f@ebay.com,Genderqueer,9965310324
Arel,asapsforde5g@vinaora.com,Male,9428484127
Britteny,bscarsbrooke5h@ustream.tv,Female,5421977325
Tyrus,tolehane5i@uol.com.br,Male,3665022674
Elden,ebrumpton5j@seesaa.net,Male,8258623987
Bobbee,bleyman5k@ovh.net,Female,3957763544
Cynthy,ckinchin5l@typepad.com,Female,6203779552
Robbie,rnuzzti5m@globo.com,Polygender,8605013218
Nickey,nbenfell5n@ezinearticles.com,Male,8474842104
Abba,arault5o@ask.com,Male,2425544131
Allianora,agilbank5p@economist.com,Female,2649216566
Steward,spickston5q@cdc.gov,Male,2968870580
Chester,cclemo5r@multiply.com,Male,2664975780
Maegan,mgregoli5s@desdev.cn,Female,5181173599
Dolf,daldcorn5t@twitpic.com,Male,9902488350
Arty,abendixen5u@youtu.be,Male,4631728622
Lillis,logelbe5v@uol.com.br,Female,5406919434
Alistair,aingerfield5w@webnode.com,Male,2501505047
Sidonnie,sramm5x@narod.ru,Female,9596729456
Lyda,lcruise5y@flavors.me,Female,3928684476
Cameron,cjillins5z@last.fm,Male,7977697642
Siegfried,swoollacott60@unc.edu,Male,3031345014
Evey,ehonsch61@simplemachines.org,Female,3362640364
Aubrette,atibbits62@adobe.com,Female,4704810872
Bernhard,bhellmer63@amazonaws.com,Male,1751752352
Rich,rbroe64@youtube.com,Male,1904625439
Hillie,hhudd65@last.fm,Male,7757159249
Morgana,mkeyho66@facebook.com,Female,8344014522
Benedick,bwoloschin67@ed.gov,Male,5839904701
Rod,rshipton68@abc.net.au,Male,7478318103
Lisbeth,lhallen69@360.cn,Genderqueer,9065466325
Camila,ckivits6a@360.cn,Female,7498242254
Hieronymus,hlathwell6b@acquirethisname.com,Male,5079650299
Karlis,kshelvey6c@shinystat.com,Male,2536902030
Yevette,yladen6d@prlog.org,Female,8694555924
Sharai,sdanher6e@va.gov,Female,9125866667
Abbott,aalleyne6f@bizjournals.com,Male,4096253289
Lars,ltighe6g@360.cn,Male,8459694391
Emelita,egludor6h@engadget.com,Female,4547856311
Benjy,balderson6i@scientificamerican.com,Male,9041858059
Carolyn,cbarnham6j@facebook.com,Female,5223422337
Veronike,vgorstidge6k@slashdot.org,Female,2965901157
Shalom,sivchenko6l@ucla.edu,Male,8508591884
Astra,agorsse6m@hubpages.com,Female,9146329782
Wendel,wcamerana6n@hp.com,Male,3097630020
Jilleen,jbooley6o@tripadvisor.com,Female,3363208484
Georgianne,gocalleran6p@dailymotion.com,Female,7812719313
Elwyn,efenix6q@eepurl.com,Male,6473236365
Teddie,twichard6r@noaa.gov,Male,2177829134
Gerik,gfloat6s@mac.com,Male,6686926522
Thomasine,tdionsetto6t@netvibes.com,Female,6347501647
Charmian,ckinsella6u@about.com,Female,1906035534
Oby,ocaen6v@newsvine.com,Agender,2517665134
Davin,drutledge6w@pinterest.com,Male,2156837615
Karlotte,kbuesnel6x@indiegogo.com,Female,6616718194
Dolores,dgingles6y@blogtalkradio.com,Female,8087752116
Cybil,creina6z@ihg.com,Female,5205030426
Laurence,lkildea70@123-reg.co.uk,Male,9274860510
Saleem,sdegoey71@goo.ne.jp,Genderfluid,5532314746
Koren,kchattell72@baidu.com,Genderqueer,2915967285
Trula,tmurch73@telegraph.co.uk,Female,7815405326
Chadd,cdaggett74@admin.ch,Male,2602924974
Cleon,cbunch75@youtu.be,Male,9028152718
Glynda,gdeppe76@eepurl.com,Female,8375047660
Aundrea,abockman77@huffingtonpost.com,Female,7937849464
Alex,aclevely78@opera.com,Female,9724331827
Whitby,wsheaber79@hud.gov,Male,3718181109
Melli,mkayley7a@mtv.com,Female,3229727865
Jessee,jstarbuck7b@wordpress.com,Bigender,6507584173
Etheline,earnopp7c@springer.com,Female,3602491346
Felice,fjunkinson7d@cdc.gov,Male,2697741596
Debi,dmartland7e@scribd.com,Female,4494308741
Felicio,faxton7f@vkontakte.ru,Male,3144888991
Kissee,kandrioni7g@themeforest.net,Female,5513497873
Jerri,jgaudin7h@tumblr.com,Male,2179301073
Michael,mwestlake7i@spotify.com,Bigender,6511587294
Craig,cperchard7j@blinklist.com,Male,7656344007
Faulkner,fkrolman7k@ehow.com,Male,3624055444
Casey,cdeesly7l@imgur.com,Female,3833520947
Zonda,zlockhurst7m@amazon.de,Female,8712415622
Letisha,ltonner7n@craigslist.org,Female,6821634137
Wendall,wheskins7o@addtoany.com,Male,9283070220
Maxy,melan7p@g.co,Female,9817077465
Kai,kpurkess7q@state.gov,Female,7139072892
Urban,umapson7r@sitemeter.com,Male,5113046306
Lorianne,lrobertis7s@wikipedia.org,Female,2022825945
Frederich,fvaux7t@oaic.gov.au,Agender,7242431307
Nils,nhanratty7u@nba.com,Male,6666731911
Rutherford,rwhysall7v@soundcloud.com,Male,4731391182
Guglielmo,gsellens7w@buzzfeed.com,Male,4615147477
Melamie,mpeekevout7x@state.gov,Female,2787188045
Farlay,fblaxter7y@moonfruit.com,Male,7595894834
Karole,kdickon7z@people.com.cn,Female,2791050068
Alia,arumble80@list-manage.com,Female,5926027599
Claudina,cdinan81@kickstarter.com,Female,7334975869
Cristine,cconti82@whitehouse.gov,Female,8537486246
Kristo,kbalcon83@tripod.com,Male,3516806071
Gennie,gdacey84@cbsnews.com,Female,3561861106
Debby,dhufton85@mozilla.com,Female,6087927964
Terrill,twhall86@usatoday.com,Male,4061761910
Asher,avanleeuwen87@symantec.com,Male,2393113095
Justinn,jbengall88@ucla.edu,Female,5103284598
Lyssa,lgawke89@meetup.com,Female,1181969920
Kelvin,kcoghlan8a@ovh.net,Male,5156277230
Jannelle,jheakey8b@blogspot.com,Female,4689613815
Dianna,dhousbey8c@i2i.jp,Female,1716819863
Rafaello,rfrayne8d@typepad.com,Male,6119348775
Baird,bburthom8e@wunderground.com,Male,4026123071
Maitilde,mcreelman8f@4shared.com,Female,3712028752
Inesita,italkington8g@vimeo.com,Female,8351480325
Harold,hpipes8h@vinaora.com,Male,6055018815
Stacia,sschenkel8i@wiley.com,Female,6152946471
Myer,mtrudgion8j@unc.edu,Male,8259473339
Fanny,fcaustick8k@nyu.edu,Female,4664801249
Grover,gchisnall8l@army.mil,Polygender,2212588575
Alexei,abergen8m@instagram.com,Male,4577276897
Padraig,pmathison8n@earthlink.net,Male,9884140909
Martie,mvido8o@jigsy.com,Female,6672551674
Bellina,bsmead8p@state.tx.us,Bigender,8994961311
Dela,dkinchley8q@redcross.org,Female,9842228256
Desiri,dspennock8r@google.com.hk,Female,1212146010
Francoise,fgiacobillo8s@nydailynews.com,Female,3438021434
Teodoor,telphee8t@1und1.de,Male,1696452453
Kacey,ktoleman8u@theguardian.com,Female,5446345164
Garnet,gyearns8v@trellian.com,Female,1662703213
Maximilien,mbysaker8w@whitehouse.gov,Male,1577500886
Dyane,dmacrinn8x@de.vu,Genderqueer,9257812086
Merissa,mskaifedingerthorpe8y@ucoz.ru,Genderfluid,8652185060
Stacee,scornewall8z@over-blog.com,Male,6397086293
Muire,mseamen90@parallels.com,Female,9751506135
Bar,bscarfe91@stanford.edu,Male,1738381165
Randa,relves92@ifeng.com,Female,8895812007
Elliott,eclutterham93@china.com.cn,Male,8424616316
Gena,ginstone94@umn.edu,Female,2056432641
Baily,bcrim95@comsenz.com,Male,5803073493
Libbie,lshowler96@gizmodo.com,Female,3629677506
Normand,nturbern97@mediafire.com,Male,7878459499
Rachel,rambroix98@goodreads.com,Female,3966063947
Zorah,zjerratsch99@youtube.com,Female,1838369898
Elset,etimewell9a@psu.edu,Female,8436666844
Denney,dshales9b@cbslocal.com,Male,6703892725
Andrew,abutters9c@wix.com,Male,3416043641
Leelah,lblaksland9d@qq.com,Female,2963472520
Harald,hmctaggart9e@google.ru,Male,8411518260
Kit,khavelin9f@rediff.com,Female,3305734965
Robinet,rgreiser9g@nyu.edu,Male,1592182584
Alfred,akirvin9h@w3.org,Male,9154231265
Rubin,rsambals9i@printfriendly.com,Male,4494319352
Edmund,elowman9j@arstechnica.com,Male,3765834128
Cordelie,cdigges9k@networkadvertising.org,Female,7261290044
Dulcie,delt9l@hao123.com,Female,1101009868
Isidor,ijenicek9m@yahoo.co.jp,Male,9666358185
Barton,bbenini9n@eepurl.com,Male,7168059974
Federico,flidell9o@home.pl,Male,2805948246
Lena,ltixier9p@elegantthemes.com,Female,1527139475
Adah,amishow9q@themeforest.net,Female,9898046189
Winthrop,wrobberecht9r@vimeo.com,Male,2956532812
Edeline,elosel9s@instagram.com,Female,3257538410
Ulrikaumeko,urulten9t@trellian.com,Female,5914625875
Asa,apehrsson9u@vkontakte.ru,Male,4302154066
Kassey,kclowser9v@redcross.org,Female,4862880789
Darnall,dgillopp9w@odnoklassniki.ru,Male,8372515996
Brittany,bpartleton9x@eventbrite.com,Bigender,3145753044
Linoel,lsailes9y@xing.com,Male,3888239208
Ianthe,ieustanch9z@surveymonkey.com,Female,4209436000
Davida,danespiea0@seesaa.net,Female,1785617828
Walt,wsignoria1@geocities.jp,Male,5643765696
Ario,arontreea2@house.gov,Male,9798424680
Gerrilee,gwharfea3@creativecommons.org,Female,6964170420
Mina,mlejeunea4@dailymail.co.uk,Female,6956021555
Ogdon,obettaneya5@blog.com,Male,8067669295
Lincoln,lmcilvennya6@mozilla.com,Male,8441367144
Reed,ryakubowicza7@nasa.gov,Male,7107864759
Con,cwoollacotta8@hostgator.com,Female,8591250751
Abe,aomahoneya9@japanpost.jp,Male,4172350778
Errol,eprangeraa@goodreads.com,Male,7974006517
Steffane,srufflerab@latimes.com,Female,9026766020
Marice,mmargramac@wikia.com,Female,4784162297
Bendite,bgellatelyad@blinklist.com,Female,3663874807
Amy,adandisonae@delicious.com,Female,2089421424
Hadlee,hmargachaf@yelp.com,Male,2276329257
Claudius,cabramskiag@i2i.jp,Male,2533212508
Buckie,bravenah@chron.com,Male,8189042311
Quent,qsothcottai@discovery.com,Male,3255950336
Ezechiel,ebeechcraftaj@printfriendly.com,Male,6804881890
Ludwig,lhulanceak@nbcnews.com,Male,6504982805
Vanna,vscheffleral@sohu.com,Female,7532242705
Isidore,ithackrayam@uol.com.br,Male,6816855649
Marna,mmudgean@cdc.gov,Female,7817625673
Isidora,ilorkingsao@redcross.org,Female,7157381007
Marilyn,mchettleap@auda.org.au,Female,6631805526
Wilie,wcarlsonaq@diigo.com,Female,9282282192
Frants,fphilippardar@spiegel.de,Male,7005256061
Lira,lwhooleyas@census.gov,Female,5949477648
Taylor,tfullardat@ebay.com,Male,9743258468
Sari,splowsau@wufoo.com,Female,6749459775
Betty,broafav@fema.gov,Female,2188242890
Ayn,abamblettaw@nhs.uk,Genderqueer,4382182209
Kalindi,ksimacekax@mlb.com,Female,2373254751
Hazel,heldertonay@wikispaces.com,Female,4266193878
Anya,aattacaz@springer.com,Female,8769123783
Heath,hboughtonb0@squidoo.com,Agender,3045455588
Kikelia,ksisslandb1@tamu.edu,Female,4627482350
Brinna,bchalfainb2@pcworld.com,Female,3787740130
Ciro,ccourtinb3@umich.edu,Male,6255411288
Ester,emcterrellyb4@chronoengine.com,Bigender,4051722342
Ase,atedorenkob5@cisco.com,Male,3982327256
Norry,nevertonb6@hhs.gov,Female,6638739229
Conchita,cgudgenb7@cocolog-nifty.com,Female,2131806024
Gennie,gstembridgeb8@oaic.gov.au,Female,5817308733
Patrice,pgilliob9@goo.gl,Genderfluid,3458099734
Dall,dfitzpatrickba@nps.gov,Male,8543701103
Lorain,ltrippickbb@statcounter.com,Female,8215445651
Con,clebangbc@narod.ru,Female,6984621423
Ephrem,efurnivalbd@yale.edu,Genderfluid,1747021745
Bunnie,blambournbe@weather.com,Female,6996096534
Karen,kpottagebf@theatlantic.com,Female,6814623164
Britni,btignerbg@cyberchimps.com,Female,8917546962
Chelsie,cdavagebh@com.com,Female,7893984791
Johanna,jpolbi@constantcontact.com,Female,2582807938
Myrwyn,mgysebj@ameblo.jp,Male,9538509688
Allianora,amarinbk@dailymail.co.uk,Female,6449068670
Lavinie,lrickerdbl@aol.com,Agender,6318084088
Winslow,wartharsbm@walmart.com,Male,5615663774
Fowler,fmuskerbn@unesco.org,Male,3274281255
Rivalee,rdowyerbo@a8.net,Female,4012929118
Hinze,hmussingtonbp@theglobeandmail.com,Male,6653629149
Crissie,csuttlebq@opera.com,Female,5957948655
Sunshine,sbowyerbr@cyberchimps.com,Female,6076129722
Saundra,sesselinbs@squarespace.com,Male,6384159691
Holly,hhawkesbt@lycos.com,Non-binary,9983559820
Latrena,lmclachlanbu@opera.com,Female,2081080382
Price,pwetheredbv@deviantart.com,Male,5158656290
Osbourne,owhellamsbw@dion.ne.jp,Male,2382272747
Denys,dhaggidonbx@icq.com,Female,4294098639
Stu,smcadamby@typepad.com,Male,5517483331
Hulda,hstonestreetbz@jimdo.com,Female,8658491251
Lorne,lsollomc0@goodreads.com,Male,3604409177
Gordon,gkittelc1@eventbrite.com,Male,4059883226
Raimondo,rhulcoopc2@themeforest.net,Male,2022264973
Sanson,smcpikec3@tuttocitta.it,Polygender,1212733311
Tobit,tcorrec4@cloudflare.com,Male,2448432926
Junette,jhanesc5@wordpress.org,Female,2088937359
Lucius,lallwrightc6@taobao.com,Male,9515354501
Christie,cgrutec7@nasa.gov,Agender,3614687447
Fredi,fpoznanskic8@usa.gov,Female,9501949710
Essa,ealvaresc9@usda.gov,Female,1481545116
Cassandre,cdraytonca@fastcompany.com,Female,7211556352
Jodi,jluskcb@latimes.com,Male,6023018922
Poul,proachcc@devhub.com,Male,4473760169
Arron,agorellicd@cdbaby.com,Male,5399391682
Dougie,djanotace@walmart.com,Male,6599134890
Tamiko,tbentingcf@devhub.com,Female,7673067351
Averell,awinwardcg@spotify.com,Male,4087888909
Ivie,idonnch@ibm.com,Female,4777299663
Evan,efermingerci@lulu.com,Male,3946801447
Saxon,sdankovcj@moonfruit.com,Male,1137330755
Manon,mkleinsternck@usnews.com,Female,1899132816
Abigael,agyorgycl@army.mil,Female,3441704124
Carine,chancorncm@rakuten.co.jp,Female,8638091528
Mack,mcawcuttcn@canalblog.com,Male,9118339786
Karlens,kbullerco@wikia.com,Male,4716541197
Agnese,awillishirecp@blogger.com,Female,8389381364
Daveta,djollimancq@discovery.com,Female,9771204581
Harlen,hbustcr@netscape.com,Male,1794585307
Shamus,schingcs@comcast.net,Male,9542088041
Lexine,lbartkect@auda.org.au,Female,4735839131
Raynell,rthorntondewhirstcu@wisc.edu,Female,9467677390
Hunter,hsieurcv@nytimes.com,Male,8604814877
Marilyn,mlotwichcw@squarespace.com,Female,5627259489
Inga,iswaitecx@cnet.com,Female,4404227345
Phyllys,paltoncy@google.it,Female,6843309633
Raff,rmacredmondcz@networkadvertising.org,Male,9066728103
Bil,bwaplintond0@chronoengine.com,Male,4195634081
Iorgo,iladeld1@networkadvertising.org,Male,7279805505
Elston,emacandied2@amazon.co.uk,Male,5534018139
Victoria,vfeaksd3@nsw.gov.au,Female,3226804761
Darrelle,dboddied4@auda.org.au,Bigender,7829833203
Becky,bbondard5@oaic.gov.au,Female,6456298132
Kalinda,kfuented6@newyorker.com,Female,9336295151
Claude,cmaccaughand7@people.com.cn,Female,5742012060
Fritz,fbaintond8@joomla.org,Male,5913444714
Sly,sprandonid9@smh.com.au,Male,4867734532
Marylinda,mcominsda@prweb.com,Female,3901547177
Clemmie,ccockingsdb@wikimedia.org,Female,5891422120
Josh,jpellamonutendc@buzzfeed.com,Male,6368688600
Lanny,lsouttardd@amazon.de,Male,1886424919
Alonso,adickiede@fotki.com,Agender,8397794639
Hanna,htommendf@jimdo.com,Female,8788245334
Erv,ehurlstondg@hatena.ne.jp,Male,7163544836
Ardine,awillcoxdh@skyrock.com,Female,7508090471
Juditha,jdooreydi@topsy.com,Female,5597080496
Ola,otrammeldj@uol.com.br,Female,9248277757
Carie,cpeagrimdk@reference.com,Bigender,3063666510
Dagny,dchudleighdl@gravatar.com,Non-binary,3602515626
Tucker,tdesantosdm@cpanel.net,Male,2667703183
Enoch,elefebredn@unblog.fr,Male,6564654859
Richardo,rmogforddo@yahoo.co.jp,Male,9931015735
Sabine,schurcharddp@youtube.com,Female,8639787476
Sula,spilipetsdq@nba.com,Female,9603867337
Laurella,lfaltskogdr@ft.com,Female,9676833606
Pammi,ppleveyds@dailymail.co.uk,Female,8097933224
Anallese,asnasdelldt@twitter.com,Female,4962668786
Dominique,dnatwickdu@marriott.com,Bigender,4067111177
Bernette,bpietrowskidv@sogou.com,Female,9693222497
Garik,gtoderinidw@simplemachines.org,Male,9516624046
Bibi,brobackdx@facebook.com,Female,8091539886
Cassy,cmounchdy@altervista.org,Female,6733995008
Concettina,chaggartydz@ning.com,Female,1684856205
Claus,csavourye0@quantcast.com,Male,8665967811
Keenan,kpeedelle1@bbc.co.uk,Male,9666467818
Rosalie,rfaltine2@joomla.org,Female,9252279915
Deidre,dfrigote3@sbwire.com,Bigender,6463278856
Rodrick,rworrelle4@guardian.co.uk,Male,2561413890
Ellsworth,esticklande5@auda.org.au,Male,6867569029
Ceciley,crawoode6@blogspot.com,Female,4714087605
Jonathon,jjessette7@yellowbook.com,Male,5347102207
Theda,tdunbabine8@naver.com,Female,6205988248
Martie,mfilove9@mozilla.com,Male,9748123765
Joshia,jpatronoea@addtoany.com,Male,6139329868
Vite,vmaggieb@bbc.co.uk,Male,3402049482
Fergus,fdurtnallec@edublogs.org,Male,3237314854
Sean,sattewilled@infoseek.co.jp,Male,2863591195
Jonathan,jhushee@unblog.fr,Male,8608015647
Derby,dgerholzef@sourceforge.net,Male,8433256165
Matti,mdanfortheg@t.co,Female,7605863191
Corty,ccharetteeh@ow.ly,Male,8104655269
Katharyn,karminei@wiley.com,Female,1875723933
Valery,vgirodej@comcast.net,Female,8618857505
Artemas,abolderoeek@blogger.com,Male,9321032629
Gram,gsasserel@discovery.com,Male,2474144849
Guillema,gsisleyem@admin.ch,Female,6707980956
Latisha,ltreskeen@cornell.edu,Female,1193204404
Brenden,bkhalideo@boston.com,Male,6319305901
Lillis,lgalifordep@salon.com,Female,6587302923
Obed,olarchereq@flavors.me,Male,9461250067
Elva,egonsaloer@admin.ch,Female,3978761606
Robbyn,rmaggies@cocolog-nifty.com,Genderfluid,3729890458
Darleen,dionnisianet@wikipedia.org,Female,3951556289
Annmaria,alinnetteu@deviantart.com,Female,2904306380
Lorie,lfrymanev@gmpg.org,Bigender,4295363420
Linc,lsummerillew@ed.gov,Male,1706656942
Walt,wemlinex@blogger.com,Male,6301743725
Shellie,speyroey@pen.io,Female,5628695192
Daryn,ddurtnellez@etsy.com,Female,3893531305
Chauncey,cbugdalef0@trellian.com,Male,1421873095
Kayla,kgaywoodf1@home.pl,Female,8044171425
Krispin,kclemsonf2@ca.gov,Bigender,7384187080
Artus,adurdenf3@ask.com,Male,6953125856
Kean,ktrowlerf4@blogs.com,Male,1811058872
Forster,fmathysf5@yandex.ru,Male,4053917623
Byrann,blocalf6@google.es,Male,6962852864
Brew,bcowherdf7@liveinternet.ru,Male,3078605069
Guilbert,ghalltf8@seesaa.net,Male,1925588349
Yettie,ykerswillf9@ameblo.jp,Female,6834676317
Raddy,rdonisifa@nasa.gov,Male,9435675334
Tiebout,tmackiefb@clickbank.net,Male,8398323449
Wilek,whalseyfc@ibm.com,Male,4188251487
Cyndie,cburnsidesfd@behance.net,Female,5154936118
Arly,awaistellfe@bloglovin.com,Female,9628714704
Beltran,bfunnellff@nhs.uk,Male,4984243903
Quinn,qmacelroyfg@smh.com.au,Female,3128788751
Alan,amcdonellfh@miitbeian.gov.cn,Male,7403340681
Luelle,lpetrassofi@hhs.gov,Female,1639991978
Jessie,jmaffionefj@samsung.com,Male,1499900883
Monroe,mdillistonfk@marriott.com,Male,7637609475
Gerri,ggelsthorpefl@china.com.cn,Female,6185827623
Vikky,vwalcherfm@intel.com,Female,8896016919
Joeann,jschnitterfn@vinaora.com,Bigender,1355504040
Bevin,bbewlayfo@linkedin.com,Male,3317363980
Onfroi,oedgcumbefp@dropbox.com,Male,7521466468
Riccardo,rbintonfq@fda.gov,Male,8085735814
Chaim,cworleyfr@joomla.org,Male,9305304667
Heinrik,hslidesfs@yellowpages.com,Male,2637496780
Ilise,icolesonft@scientificamerican.com,Female,9979921761
Tedda,tcudbertsonfu@businessweek.com,Female,8737404303
Peta,pblairfv@eventbrite.com,Female,9759828759
Ignatius,iclemenzifw@psu.edu,Male,8709870488
Boote,bwykesfx@tiny.cc,Male,1491909583
Tabbitha,tallenbyfy@craigslist.org,Female,6861614937
Elysee,efacherfz@liveinternet.ru,Female,3954953838
Davine,dcaterg0@mlb.com,Female,7161085018
Alia,anorssisterg1@berkeley.edu,Female,2492589861
Allyn,asymonsg2@slideshare.net,Female,5921540544
Devy,dingerg3@issuu.com,Male,4638660466
Rori,rstanlakeg4@google.fr,Female,6157747648
Darda,dofeenyg5@addtoany.com,Female,7063038962
Kliment,kboggishg6@cdc.gov,Male,4269915034
Max,msongistg7@lulu.com,Male,5061829446
Sasha,shawketg8@wix.com,Male,7953072242
Madelina,mpowlettg9@usa.gov,Female,3546414102
Gottfried,gkeepega@slideshare.net,Male,7726719442
Rodd,rrosenzwiggb@harvard.edu,Male,9107526126
Angelina,agarforthgc@sun.com,Female,1812821259
Karel,kzanninigd@gizmodo.com,Male,9424476829
Engelbert,ecrampinge@huffingtonpost.com,Male,9251920294
Juliana,jpomphreygf@wordpress.com,Bigender,6916836833
Silvana,scunniffgg@mlb.com,Female,2343086158
Antonina,alathegh@kickstarter.com,Female,2255017525
Elfrida,espiaggiagi@soup.io,Female,1947005588
Jorge,jmencogj@bbb.org,Male,1382162024
Jarred,jlafontgk@reverbnation.com,Male,8096290226
Artair,areschkegl@reverbnation.com,Male,9145489560
Jennica,josannegm@uiuc.edu,Female,5231719410
Rene,rsherburngn@dyndns.org,Male,9116300410
Leopold,lhamillgo@squidoo.com,Male,9416637663
Tobias,tchrippesgp@mozilla.org,Male,8105641800
Johnny,jcorradigq@pcworld.com,Male,5287555047
Julita,jmunciegr@scientificamerican.com,Female,9701720704
Farr,flymergs@scribd.com,Male,9757401250
Edwina,edechellegt@msu.edu,Female,7952481377
Yoko,ytoquetgu@bing.com,Female,2604571266
Sherwynd,slosseljonggv@meetup.com,Agender,1781407006
Nye,nsimnergw@ow.ly,Genderqueer,4076821811
Boyce,bgreeniergx@cdbaby.com,Male,1787400451
Niccolo,ngrzelewskigy@homestead.com,Male,9295894724
Joni,jcoplandgz@usa.gov,Genderfluid,9469222617
Reagan,rdwelleyh0@go.com,Male,4912735754
Casi,cmangenoth1@wired.com,Polygender,3806575483
Cheston,csharratth2@zdnet.com,Male,6116610627
Vlad,vjuschkeh3@ucsd.edu,Male,8142693514
Jude,jkornash4@theglobeandmail.com,Male,3154089626
Madison,mloreyh5@tamu.edu,Male,6121994099
Mirabella,mpiattoh6@stumbleupon.com,Female,3594220388
Sophronia,scauderlieh7@booking.com,Female,7427545343
Garald,gebourneh8@godaddy.com,Male,5229809252
Arvy,agrishankovh9@blogspot.com,Male,9336184194
Jarib,jbavridgeha@ed.gov,Male,8152969317
Tiffany,tilyuchyovhb@xrea.com,Female,6067048267
Norina,nmoxsonhc@pen.io,Agender,4251208527
Blinnie,bascroftehd@barnesandnoble.com,Female,9205012917
Susann,swimmerhe@ebay.com,Female,1832050830
Paquito,psomerfieldhf@shinystat.com,Male,5836222430
Giuditta,gdunninghg@kickstarter.com,Female,1532265602
Evangelin,eharnorhh@marriott.com,Female,1563153663
Thaxter,tbonifanthi@state.gov,Male,5732221834
Vere,vtuberfieldhj@examiner.com,Female,2884287758
Ottilie,oardyhk@homestead.com,Female,8583590277
Jennica,jwallentinhl@netscape.com,Female,8651485802
Jimmy,jcowderoyhm@cocolog-nifty.com,Male,9809631011
Kasey,kruddiforthhn@walmart.com,Female,2936745970
Luz,lgurgeho@whitehouse.gov,Female,1527920797
Alley,ajakoubechp@artisteer.com,Male,3892452430
Gael,gormondhq@sourceforge.net,Genderfluid,8636166896
Greg,gluebberthr@europa.eu,Male,4515112433
Merrie,mniezenhs@posterous.com,Female,2352197563
Kirstin,kpiggenht@dyndns.org,Female,4839990167
Pierce,palfonsohu@symantec.com,Male,3222170309
Sheeree,sdomesdayhv@dyndns.org,Female,6783697157
Alecia,aberrymanhw@spiegel.de,Female,6355903148
Mureil,msoallhx@lycos.com,Female,7334201366
Nicoline,ncestardhy@nps.gov,Female,4079253947
Lucita,llockehz@tumblr.com,Female,5788663658
Terza,tkennleri0@aboutads.info,Female,8109572946
Puff,ptabbernori1@google.nl,Polygender,6122125847
Aridatha,aboyani2@shop-pro.jp,Female,8183316738
Ty,tlarchierei3@sourceforge.net,Male,5518745162
Muire,mjestecoi4@webnode.com,Female,6968612622
Bethany,bcacketti5@cbsnews.com,Female,4252227392
Tobe,tlowensohni6@samsung.com,Male,8157248344
Violet,vshureyi7@telegraph.co.uk,Female,9731508534
Daniela,dchaseni8@themeforest.net,Female,6248592643
Trudi,thornigi9@stanford.edu,Female,2288481002
Hillary,hdarthia@t.co,Female,1368674667
Chris,ccrowderib@yelp.com,Male,9319326531
Dane,dgyseic@cbslocal.com,Male,1292348947
Ruddie,rfeldmusid@reuters.com,Male,9356165758
Henriette,hjelkesie@indiegogo.com,Female,8566004413
Linc,lgantlettif@go.com,Male,2987572594
Elijah,eoshirineig@time.com,Agender,7754318869
Lyndsey,lphaupih@indiatimes.com,Female,3214735102
Dermot,dcuxsonii@furl.net,Male,3769573531
Patten,pmclennanij@mozilla.com,Male,8659102912
Sylvia,spawelik@businesswire.com,Female,8372484491
Marisa,mmeekinil@amazonaws.com,Female,2182007607
Broddie,bzuannim@eventbrite.com,Male,1225842181
Milt,mclickin@icio.us,Male,5686376090
Joe,jbrownio@whitehouse.gov,Male,7516937898
Jackqueline,jmarqueseip@google.com.hk,Female,4712678501
Giffard,grootiq@salon.com,Male,3291645507
Ernst,eogleyir@hexun.com,Male,7848072876
Jacquelyn,jwolffersis@abc.net.au,Female,8936674346
Ximenes,xafonsoit@mysql.com,Male,4004083194
Gaby,gbrimilcombeiu@bluehost.com,Male,7655419131
Marris,mjainiv@addtoany.com,Female,7567192618
Geri,gtomekiw@cloudflare.com,Female,4478120958
Natal,nbrunigesix@technorati.com,Male,8582410183
Karly,ktremberthiy@yolasite.com,Female,1879413842
Silvan,stwentymaniz@theatlantic.com,Male,5105615683
Stanleigh,sveiversj0@cnbc.com,Male,7626241949
Hunfredo,hcamplejohnj1@wufoo.com,Male,2195053425
Bel,barnullj2@bizjournals.com,Female,6552909605
Enrico,equincej3@ask.com,Male,5826837832
Veriee,vquinceyj4@mapy.cz,Genderqueer,8292549880
Pail,pstattonj5@cargocollective.com,Male,2956608163
Gustave,grawlcliffej6@google.co.jp,Male,9056217893
Marvin,mgajownikj7@skype.com,Male,3414402035
Winslow,wrenzoj8@statcounter.com,Male,6557731260
Carlin,ckavanaghj9@stanford.edu,Polygender,5271150202
Neils,nrustidgeja@ifeng.com,Male,2689591217
Evaleen,eoleshuninjb@newyorker.com,Female,6184402018
Sharia,sgumleyjc@myspace.com,Female,6903360442
Alessandro,adunbletonjd@ucoz.ru,Male,4631765747
Shepherd,sgasconeje@biglobe.ne.jp,Male,5166145893
Brok,btheurerjf@columbia.edu,Male,4164696730
Isobel,ilathwoodjg@tripadvisor.com,Female,5189921371
Ode,ogrumbridgejh@rakuten.co.jp,Male,6707109538
Christy,ccissonji@aboutads.info,Female,1609911973
Almire,ahatcliffejj@de.vu,Female,5378477234
Arnie,akieltjk@blog.com,Male,1379068802
Marja,mbertlinjl@people.com.cn,Female,3456657079
Cairistiona,cpasseyjm@baidu.com,Genderqueer,9423117590
Cilka,ccockramjn@army.mil,Female,4433969582
Delainey,dmacauleyjo@tripadvisor.com,Male,4907785044
Gregory,gsalternjp@dedecms.com,Male,1826794737
Cinderella,cdraycottjq@nature.com,Female,2697774001
Kare,kzimmermanjr@japanpost.jp,Female,3514540505
Jennee,jmanusjs@buzzfeed.com,Female,6494185389
Jecho,jdavittijt@blogger.com,Bigender,7378414862
Ben,bpegdenju@shop-pro.jp,Male,9318103147
Darrick,dmuldowneyjv@tumblr.com,Male,1094830770
Tori,tmearsjw@engadget.com,Female,7195558338
Giffer,gsmithamjx@netscape.com,Male,2031783593
Marthena,mdudeniejy@ucoz.ru,Female,4142414444
My,msiehardjz@skyrock.com,Male,3667567997
Seward,skliementk0@barnesandnoble.com,Male,9464990554
Osborne,oraftk1@aboutads.info,Male,6195468494
Dewey,dgatherellk2@nhs.uk,Male,7682390470
Brian,bhallardk3@oracle.com,Male,9165976041
Xenia,xlesork4@youtu.be,Female,4274726734
Nissy,nlowdianek5@guardian.co.uk,Female,6669259662
Rhianon,rbrunottik6@alexa.com,Female,7793010741
Raynor,rdiggink7@homestead.com,Male,2402433867
Amerigo,alothlorienk8@google.com.hk,Male,8598679705
Marquita,mbrumbyek9@google.fr,Female,1237795023
Quinn,qkitska@vimeo.com,Female,4077039053
Lisa,lfarishkb@elegantthemes.com,Female,5181682151
Celisse,chavardkc@oaic.gov.au,Female,4428984599
Kippie,kwillavizekd@youtube.com,Female,8499119488
Gaylor,gcaterke@github.io,Male,2168188917
Constance,cmackneykf@miibeian.gov.cn,Female,8804726121
Bogey,blubomirskikg@huffingtonpost.com,Male,9432948008
Yevette,ymattonkh@typepad.com,Female,7122190563
Alberto,agerlerki@un.org,Genderfluid,9348792350
Jared,jhockeykj@columbia.edu,Male,7629243691
Ruthy,rbrydellkk@shinystat.com,Female,4454560565
Maggie,mfussiekl@list-manage.com,Female,5755731111
Craggie,ckeighlykm@squarespace.com,Agender,2967902990
Demetrius,dnolderkn@addtoany.com,Male,4397791943
Starla,ssinnatko@paginegialle.it,Female,1661821467
Zacherie,zwelsbykp@geocities.jp,Male,4967235269
Rivi,rforesightkq@dion.ne.jp,Female,9736607252
Eldridge,edracksfordkr@cocolog-nifty.com,Male,9744368112
Sylvan,smcaviyks@360.cn,Male,4063386087
Byrle,bbrundlekt@altervista.org,Male,4755541559
Armstrong,akermanku@cam.ac.uk,Male,9904524775
Ollie,okneeshawkv@telegraph.co.uk,Male,3093811206
Pascal,pswafieldkw@hostgator.com,Male,8411798521
Carlene,claurenceaukx@wikispaces.com,Genderfluid,7718140434
Dillie,drandersonky@toplist.cz,Agender,1482427229
Bengt,bsimonettkz@cbsnews.com,Male,1214290230
Stevena,srudgel0@state.tx.us,Female,3184198385
Blaine,bbenningerl1@cargocollective.com,Male,9677562016
Darryl,dmanterfieldl2@miibeian.gov.cn,Male,8025339989
Maddie,mwilsherel3@vimeo.com,Male,2836136203
Jacynth,jklauerl4@hibu.com,Female,5063651494
Marys,mdaniell5@cdbaby.com,Female,7244018343
Hieronymus,hripleyl6@ft.com,Male,7145324900
Darby,dsmyl7@opensource.org,Male,8015256549
Maude,mrignalll8@studiopress.com,Female,2475509275
Kerri,kmerrydewl9@elpais.com,Female,4771317397
Sunshine,sbattanyla@princeton.edu,Female,7359606406
Teodorico,tcoffinlb@google.com.br,Male,4794298525
Nanon,nkordovalc@simplemachines.org,Female,5854732149
Rooney,rwatersld@angelfire.com,Non-binary,6785257265
Nissy,ncoolicanle@dropbox.com,Genderqueer,8632538598
Stavros,sbartzenlf@tripod.com,Male,9999497619
Torin,tbortolonilg@hc360.com,Polygender,2853155893
Barde,balwenlh@independent.co.uk,Male,5323741096
Dennis,drathbourneli@netscape.com,Male,4666795906
Grannie,gpoplandlj@dropbox.com,Male,6676428449
Conchita,chakerlk@illinois.edu,Female,9874833496
Demetrius,dtitterrellll@google.es,Male,4545423860
Daren,dkruschevlm@house.gov,Male,2046167264
Janeva,jskeggln@ning.com,Female,7061913132
Ozzy,odreakinlo@tuttocitta.it,Male,4244797614
Libby,lmcneishlp@amazon.co.uk,Female,5745615664
Gabi,gsearsonlq@infoseek.co.jp,Male,3854335263
Kelby,kstockfordlr@fc2.com,Male,9209432707
Nikolos,ncoccils@gov.uk,Male,2784918798
Guilbert,glabramlt@google.com.br,Male,7119049291
Adore,aellicelu@digg.com,Female,3394800888
Pavel,ptestlv@hugedomains.com,Male,4537606980
Lanie,lfullagerlw@friendfeed.com,Male,2018305477
Jodie,jclogglx@wikimedia.org,Bigender,5604286870
Wendi,wnursely@topsy.com,Female,7545851359
Anton,afligglz@slideshare.net,Male,2187833436
Zola,zhoppnerm0@ebay.co.uk,Female,6725792440
Ardelis,akasparm1@ted.com,Polygender,1746931698
Earvin,emckimmm2@wired.com,Male,5048457311
Morry,mimmsm3@java.com,Male,8163928458
Melisa,mdewdneym4@odnoklassniki.ru,Female,8205354016
Marne,mocorrenm5@imageshack.us,Female,8974241586
Fidelia,faspm6@rambler.ru,Female,2008245570
Junie,jhardanm7@spotify.com,Female,2952729849
Jackie,jnorsworthym8@youtu.be,Male,6096707937
Merrill,mwillingamm9@plala.or.jp,Female,7901294971
Sally,scrutchfieldma@craigslist.org,Female,8686084773
Ichabod,ielletsonmb@nba.com,Genderqueer,2305770593
Reg,rgrahamslawmc@buzzfeed.com,Male,8148164091
Celestyn,cmcgillegholemd@deviantart.com,Female,4156301834
Corny,cmeakinme@so-net.ne.jp,Male,5085944159
Becca,bjearummf@barnesandnoble.com,Female,7628670663
Cybill,cmosconimg@technorati.com,Female,4462939580
Amelia,acovillmh@goo.gl,Female,7422063131
Dmitri,dbreami@de.vu,Male,4358170486
Yard,ygisbeymj@ocn.ne.jp,Male,9166874603
Tobye,tpantermk@ucla.edu,Polygender,1341699254
Abbott,afarquharml@bing.com,Male,2228061120
Tim,tpeplowmm@prlog.org,Female,7342727741
Bear,bdoutymn@java.com,Male,9277504172
Ansel,abalkemo@whitehouse.gov,Male,9353722291
Whitney,wdefaump@alibaba.com,Male,9426107032
Rowe,rivanyushinmq@mapy.cz,Female,4842869399
Orrin,odacresmr@ted.com,Male,5357639124
Amelia,aallamms@dailymotion.com,Female,7692080880
Cobb,cmaccraemt@issuu.com,Male,4597030843
Wally,wcoryndonmu@shop-pro.jp,Male,5149839533
Ax,atwiggmv@feedburner.com,Male,8467928878
Rowan,rgrushinmw@reuters.com,Male,7108998294
Ezri,ehaconmx@tinypic.com,Male,5628473085
Liesa,lkevlinmy@ucla.edu,Female,8998944111
Salaidh,ssherrellmz@washingtonpost.com,Female,7333622497
Inger,iizaksonn0@myspace.com,Female,6981975259
Leeanne,lszretern1@netvibes.com,Female,5079193107
Eleni,etesmondn2@example.com,Female,9002002372
Damiano,drostenn3@blogspot.com,Male,6401481541
Wyatan,wmartensenn4@paypal.com,Male,7397117692
Urban,ustrangwardn5@ft.com,Genderfluid,9035860296
Auguste,ademattian6@aboutads.info,Female,7492836273
Jenica,jdeenern7@dedecms.com,Female,5358790320
Evy,ewilliamn8@nhs.uk,Female,5962504592
Clim,ceddien9@accuweather.com,Male,5357328107
Dulcy,dscarboroughna@apple.com,Female,9141117054
Tomlin,tspinolanb@com.com,Male,3912709719
Guinna,ggattync@shareasale.com,Female,5865137556
Husein,hletixiernd@bizjournals.com,Male,6084262251
Jessie,jmarquezne@weibo.com,Female,7098491825
Arlen,adaddanf@ovh.net,Female,8853285302
Harmony,hmcartng@amazon.com,Female,4912500085
Lou,lcatlinnh@digg.com,Non-binary,8047232675
Devonne,dgolborneni@google.co.uk,Female,6424284308
Irina,ifotherbynj@opera.com,Female,2159329688
Merlina,mpattingsonnk@howstuffworks.com,Female,9293411619
Gavin,gmoorfieldnl@soundcloud.com,Male,5135665443
Dehlia,dzavattarinm@plala.or.jp,Female,3135115589
Bernard,bdahillnn@nymag.com,Male,7219750086
Guenna,gpygottno@xinhuanet.com,Female,3418558813
Hilliary,hinglesentnp@yahoo.co.jp,Female,5597192562
Tiphany,tsevinnq@fastcompany.com,Female,4955822318
Rad,rwhitemannr@pinterest.com,Male,9279769020
Christophe,cclearyns@stumbleupon.com,Male,1779822781
Jamesy,jhassernt@sitemeter.com,Male,4006026914
Stacee,stripletnu@intel.com,Female,4688112006
Derrik,dbrauntonnv@mozilla.org,Non-binary,2232662902
Rogerio,rcasassanw@tinypic.com,Male,8311956589
Reade,ryorkenx@npr.org,Male,9992841865
Melinde,mphilipardny@moonfruit.com,Female,9767378705
Stepha,skelmerenz@google.co.uk,Non-binary,3546516756
Thorpe,trosarioo0@arstechnica.com,Male,5434828324
Donnie,dhackingeo1@flavors.me,Male,8002672327
Glenn,gmaffiolettio2@clickbank.net,Female,9859489181
Farr,flangstono3@icq.com,Male,4318360068
Guido,gschobero4@youtu.be,Male,4112369987
Elena,escanlono5@issuu.com,Female,6684261987
Emelita,etwizello6@tamu.edu,Female,5576274594
Caria,cguesso7@mediafire.com,Female,8242234079
Kimmy,kmcbradyo8@stanford.edu,Female,6394937124
Devan,dscottrello9@ucla.edu,Female,4062339386
Rochester,rkinneiroa@ted.com,Male,2658844510
Star,sswanob@wufoo.com,Female,1169216992
Osborne,opignonoc@goo.ne.jp,Male,2354308898
Lidia,lcleifeod@yandex.ru,Female,2798469449
Anabelle,acockeroe@cmu.edu,Female,1756038867
Blithe,bfassetof@smh.com.au,Female,7644741010
Noemi,ncolamog@latimes.com,Female,8364524725
Lodovico,llamasoh@google.com,Male,4188992977
Tab,tmooneyoi@gov.uk,Male,3878836199
Morty,mkennonoj@ebay.com,Male,2334307526
Ambrosius,amethleyok@elpais.com,Male,4787536730
Krissy,klagenol@mozilla.org,Female,6614513145
Pandora,pmartinovskyom@google.ru,Female,6986604873
Daphne,ddraperon@unicef.org,Female,9748704708
Trumann,tcapeneroo@merriam-webster.com,Male,5863109577
Adrianne,aarnholzop@craigslist.org,Female,7595793377
Emily,elebondoq@hud.gov,Female,5388030343
Andeee,aellissor@live.com,Female,4775364601
Crysta,candreuccios@dion.ne.jp,Female,8335557625
Brett,bsteadmanot@hibu.com,Female,1674320641
Monroe,mbamfieldou@mapquest.com,Male,3934599960
Scotty,smuddimerov@mapquest.com,Male,1654668471
Kippie,kzuenelliow@live.com,Male,1872999993
Gracia,geasbieox@unc.edu,Female,5445666901
Euell,ealliotoy@ox.ac.uk,Male,5025802761
Tamqrah,tschimonoz@joomla.org,Female,2799239771
Tad,thopkynsp0@merriam-webster.com,Male,6022219187
Phaedra,pantonaccip1@nsw.gov.au,Female,7697213987
Maddie,mrowlattp2@irs.gov,Male,5687570340
Livia,lpendrickp3@nydailynews.com,Female,7548152109
Hal,hgregorp4@creativecommons.org,Male,6206064323
Ryan,rfeachamp5@auda.org.au,Male,6866460509
Ilsa,ijonkep6@cam.ac.uk,Female,7877500449
Robbie,rsparshuttp7@trellian.com,Bigender,9534343682
Torin,ttabbernorp8@businesswire.com,Male,6287086092
Vanna,vbeadlep9@cam.ac.uk,Female,3447492834
Jelene,jspearepa@i2i.jp,Female,4854995877
Leoline,lgalliardpb@cbslocal.com,Female,2245483233
Arlyn,abolsoverpc@is.gd,Female,9467073286
Haslett,hseymarkpd@plala.or.jp,Male,2955469390
Wynny,wwhittleseape@nifty.com,Female,7074591389
Arnold,aaxcellpf@businessinsider.com,Male,3558808742
Pepi,pmcintoshpg@youku.com,Female,9083653953
Griffith,gwildorph@moonfruit.com,Male,5283455553
Ethel,eserrispi@istockphoto.com,Female,2073609479
Maryjo,mbarnewellpj@acquirethisname.com,Female,5764502967
Halie,hschoolcroftpk@surveymonkey.com,Female,2125246617
Talyah,tdanilovichpl@pagesperso-orange.fr,Female,8409721378
Waverley,wmintopm@cmu.edu,Male,2482235730
Cris,cjustpn@w3.org,Female,6642214191
Billy,bmapampo@themeforest.net,Female,1187533913
Trumann,tmccriskenpp@loc.gov,Male,3347368743
Frank,fbelfeltpq@aboutads.info,Male,5602701801
Giffard,goverpr@amazon.com,Male,5219303382
Mick,mrowps@state.tx.us,Male,9918634054
Karlie,kmanleypt@epa.gov,Female,2991334160
Felita,frozeapu@github.com,Female,9013791067
Lind,ldjekicpv@answers.com,Female,9804211569
Augy,ahausepw@hhs.gov,Male,2622281975
Gwendolin,ggabbpx@state.tx.us,Female,4689906210
Alphonse,ahowseleepy@webs.com,Agender,3292545359
Gardie,gmaccheynepz@bbb.org,Male,2548247143
Karalynn,kgarrisonq0@toplist.cz,Female,4334966013
Noby,nscholteq1@w3.org,Male,2211349947
Emmalynn,ebrewittq2@ucsd.edu,Female,5094177686
Woodman,wresunq3@dropbox.com,Male,4351118765
Hoyt,hcannyq4@nydailynews.com,Male,7795218749
Howard,hsomerbellq5@godaddy.com,Male,1028156140
Timothee,tmarrisq6@youtube.com,Male,6876528292
Toiboid,tverbekeq7@elpais.com,Male,4211579129
Rockie,rpoyleq8@biglobe.ne.jp,Male,6278194541
Jobye,jmavingq9@google.de,Female,3203628372
Walther,wavrashinqa@google.cn,Male,3122045927
Joshuah,jcaldeyrouxqb@hp.com,Male,6402889817
Rhona,rchataignierqc@edublogs.org,Genderfluid,2046193414
Theodosia,tdelgatyqd@xinhuanet.com,Female,2714554127
Toni,tedwinsonqe@sciencedirect.com,Female,6259354309
Daile,dbazogeqf@amazon.co.uk,Female,6554069025
Randall,rbirtqg@nydailynews.com,Male,1583099685
Darryl,dbosquetqh@shop-pro.jp,Male,6306007349
Rodolfo,rblakestonqi@wix.com,Male,2066824862
Gertrud,glebretondelavieuvilleqj@addthis.com,Female,5001355963
Lorenzo,ldabelsqk@usa.gov,Male,9391670167
Daveta,dthonasonql@zimbio.com,Female,6637384160
Sergei,sgamlenqm@comsenz.com,Male,2618197458
Romeo,rcarnellqn@booking.com,Male,7338059415
Myrtice,mpickervanceqo@posterous.com,Bigender,3795995009
Rooney,rcornelyqp@skype.com,Male,4246456280
Win,wlemmerqq@si.edu,Male,6905663930
Lolita,lmontelqr@blog.com,Female,9249322070
Cheston,cimlockqs@buzzfeed.com,Agender,3854167647
Consolata,cmcterryqt@dell.com,Female,5916641261
Sayre,scasarinoqu@bigcartel.com,Female,4161436029
Dalenna,dmackallqv@google.de,Female,5287270644
Dudley,dgudgerqw@mlb.com,Male,2305879366
Mycah,mgebhardtqx@issuu.com,Male,5672121295
Raff,rphetteqy@jugem.jp,Agender,6571004738
Louisette,lgunbyqz@reference.com,Female,4222482626
Den,dnewlover0@apache.org,Male,1119076085
Al,awybrowr1@thetimes.co.uk,Genderfluid,9264078911
Adrian,aperottr2@wsj.com,Male,8284824984
Emilie,elandersr3@tmall.com,Female,5616620456
Gearalt,grawesr4@sohu.com,Male,4155477885
Norrie,nhindger5@webeden.co.uk,Female,3068763188
Trish,tnavarijor6@shareasale.com,Female,7459397474
Agneta,azanottir7@google.de,Female,2649174354
Tammi,tsaphr8@wikia.com,Female,6992524276
Stanislaw,sedonr9@pinterest.com,Male,4869764562
Octavia,oandorra@seattletimes.com,Female,9335300886
Shirl,ssharvellrb@ed.gov,Female,6531905525
Chelsie,cgarnsworthyrc@behance.net,Female,4831823724
Humphrey,hrelfrd@dot.gov,Male,5272383097
Talbot,tfippere@vkontakte.ru,Male,2305103358
Pennie,pnurnyrf@scribd.com,Male,3234494187
Anissa,ablatherwickrg@ft.com,Female,8762488309
Rebeca,rdowsonrh@live.com,Female,6211403324
Berkeley,bkirari@technorati.com,Male,9742864782
Mollee,mjosifovicrj@istockphoto.com,Female,4134093103
Bertina,bcastellanosrk@illinois.edu,Female,8367074320
Stephi,sbuerrl@ocn.ne.jp,Female,1656517706
Darsey,dpiddlehintonrm@harvard.edu,Female,8842091524
Cam,cvolkerrn@comsenz.com,Female,7169389508
Carlie,cdwelleyro@house.gov,Female,9924333526
Charlotte,cweadickrp@nyu.edu,Female,6867500074
Aubrette,aclamperq@aol.com,Non-binary,4217311580
Harris,hmatteaurr@networkadvertising.org,Male,9073541420
